Relevance,Explanation,model,question_index,evaluation_type
NON_RELEVANT,"The generated answer addresses a completely different topic related to travel requirements for foreign visitors to Karnataka, whereas the original answer focuses on traditional food items from the region. There is no overlap or relevant connection between the two.",gpt-3.5-turbo,0,Answer-Question-Answer
RELEVANT,"The generated answer directly addresses the historical importance of Penukonda, aligning well with the information provided in the original answer about its role as the summer capital of the Vijayanagar empire and its association with Sri Krishnadevaraya. It captures the essence of both the cultural and historical aspects mentioned in the original answer.",gpt-3.5-turbo,1,Answer-Question-Answer
PARTLY_RELEVANT,"The generated answer focuses on cultural and spiritual centers in Andhra Pradesh, which aligns with the original answer's context. However, it includes additional locations (Amaravati, Guntur, Rajahmundry) that were not mentioned in the original answer, making it partially relevant but not entirely aligned with the specific details provided originally.",gpt-3.5-turbo,2,Answer-Question-Answer
PARTLY_RELEVANT,"The generated answer addresses the specific question about the species of animals and birds in Bandipur National Park, which is a part of the broader information related to wildlife in Karnataka mentioned in the original answer. However, it does not directly connect to the reference of institutions or the overall description of wildlife conservation in Karnataka. Thus, it is relevant to the specific query but not fully aligned with the original context.",gpt-3.5-turbo,3,Answer-Question-Answer
PARTLY_RELEVANT,"The generated answer lists various cultural and natural attractions in Karnataka, which aligns with the original answer's context of providing a selective list of sites of interest. However, it goes beyond the scope of the original answer by adding a more extensive and detailed list without any indication that this information is selective or not exhaustive, which slightly deviates from the original intent.",gpt-3.5-turbo,4,Answer-Question-Answer
PARTLY_RELEVANT,"The generated answer addresses a related topic by discussing cultural events and festivals in Karnataka, which connects to the tourism and cultural aspects mentioned in the original answer. However, the original answer primarily focuses on geographical descriptions and highlights specific regions of Karnataka, rather than festivals. Thus, while there is some relevance, it does not directly respond to the original content.",gpt-3.5-turbo,5,Answer-Question-Answer
PARTLY_RELEVANT,"The generated answer addresses dal (pappu) in the context of Andhra Pradesh, which is related to the original answer discussing Telugu cuisine. However, it does not directly address the elements that make up a typical meal, as described in the original answer. While it adds context about how dal is prepared in the region, it misses the broader description of a typical meal that includes various components like rice, pickles, curry, and yogurt.",gpt-3.5-turbo,6,Answer-Question-Answer
NON_RELEVANT,"The original answer discusses Carnatic music and Kuchipudi dance, which are cultural aspects of Andhra Pradesh, while the generated answer talks about popular tourist spots related to beaches, which is unrelated to the original content focusing on music and dance.",gpt-3.5-turbo,7,Answer-Question-Answer
RELEVANT,"The generated answer accurately reflects the information presented in the original answer regarding the KSTDC's management of hotels and the range of accommodations offered, which includes budget to luxury options. It addresses the question directly and maintains the core information.",gpt-3.5-turbo,8,Answer-Question-Answer
PARTLY_RELEVANT,"The generated answer addresses the question about waterfalls in Karnataka with historical significance, specifically mentioning Gokak Falls. However, it does not fully align with the original answer, which emphasizes tourist attractions and the best times to visit waterfalls, rather than historical context. While it provides some relevant information, it does not encompass the broader context of the original answer.",gpt-3.5-turbo,9,Answer-Question-Answer
NON_RELEVANT,"The generated answer discusses the best time to visit Andhra Pradesh's hill stations and forests, while the original answer provides climate data including temperatures and precipitation. The two topics are related but do not overlap specifically, making the generated answer not directly relevant to the content of the original answer.",gpt-3.5-turbo,10,Answer-Question-Answer
PARTLY_RELEVANT,"The generated answer addresses a related question about permits and pre-booking for trekking in the Western Ghats, which is relevant to the context of trekking mentioned in the original answer. However, it does not directly relate to the specific information about trekking locations provided in the original answer, thus making it partly relevant.",gpt-3.5-turbo,11,Answer-Question-Answer
PARTLY_RELEVANT,"The generated answer discusses public transit options in Bengaluru, which is related to travel, but it does not address the original answer about the train connections and national highways linking Karnataka to other states. While both answers are about transportation, they focus on different aspects, so the relevance is partial.",gpt-3.5-turbo,12,Answer-Question-Answer
PARTLY_RELEVANT,"The generated answer discusses the location and distance of Sai Priya Beach Resort in relation to Visakhapatnam Airport, which is relevant to the generated question. However, it does not directly answer the original answer's description of the city as the most attractive in Andhra Pradesh with exotic resorts near beaches. Therefore, it addresses a related aspect but lacks full alignment with the context of attractiveness and exoticism mentioned in the original answer.",gpt-3.5-turbo,13,Answer-Question-Answer
RELEVANT,"The generated answer identifies Vizag (Visakhapatnam) as a city in Andhra Pradesh known for exotic beach resorts, which directly aligns with the focus of the original answer regarding attractive cities and beach resorts in the state.",gpt-3.5-turbo,14,Answer-Question-Answer
PARTLY_RELEVANT,"The generated answer mentions various booking options for long-distance bus tickets in Andhra Pradesh, including APSRTC, which is relevant to the original answer. However, it introduces additional bus services like MSRTC, TSRTC, and KSRTC, which were not mentioned originally. While the answer stays on topic about long-distance bus travel, it diverges slightly from the specifics of the original answer, which focused primarily on APSRTC and specific private travel agents.",gpt-3.5-turbo,15,Answer-Question-Answer
PARTLY_RELEVANT,"The generated answer provides useful information about the local language spoken in Karnataka and offers practical advice for travelers, which is somewhat related to the original answer. However, the original answer is primarily focused on the geographical and ecological characteristics of Karnataka, rather than language. Thus, while the generated answer is relevant in the context of travel, it does not directly align with the content of the original answer.",gpt-3.5-turbo,16,Answer-Question-Answer
RELEVANT,"The generated answer directly responds to the question by stating that Hubli (Hubballi) is currently the fastest-growing city in Karnataka after Bangalore. This aligns perfectly with the information provided in the original answer, which identifies Hubli as the second fastest-growing city in the context of the question.",gpt-3.5-turbo,17,Answer-Question-Answer
NON_RELEVANT,"The generated answer provides information about entry fees for tourists visiting Mysore Palace, which is unrelated to the original answer that simply mentions 'Mysore Palace at night.' There is no relevance or similarity in content or context between the two.",gpt-3.5-turbo,18,Answer-Question-Answer
NON_RELEVANT,"The generated answer focuses on transportation options in Karnataka, which is unrelated to the original answer that discusses centers for the study of Sanskrit and Hindu philosophy. There is no relevant overlap between the topics.",gpt-3.5-turbo,19,Answer-Question-Answer
NON_RELEVANT,"The generated answer addresses a question about the best time to visit Andhra Pradesh, focusing on weather and festivals. However, it does not relate to the topics mentioned in the original answer, which discusses the cultural, spiritual, and commercial capitals of Andhra Pradesh. There is no connection to the specific cultural or regional characteristics outlined in the original answer.",gpt-3.5-turbo,20,Answer-Question-Answer
PARTLY_RELEVANT,"The generated answer addresses the question about guided tours or expert guides for jungle trekking in Dandeli, which is related to the original answer's mention of trekking being popular in Dandeli. However, it does not directly confirm the availability of guided tours in Dandeli itself, making it partially relevant rather than fully aligned with the original content.",gpt-3.5-turbo,21,Answer-Question-Answer
RELEVANT,"The generated answer directly addresses the question about the use of honey as a sweetener in traditional beverages in Andhra Pradesh and incorporates the specific items mentioned in the original answer, making it relevant and contextually aligned with the original content.",gpt-3.5-turbo,22,Answer-Question-Answer
NON_RELEVANT,"The generated answer discusses the currency used in Karnataka and how to exchange money, which is unrelated to the original answer that lists places associated with Karnataka, such as neighboring regions and states. There is no overlap in context or content between the two answers.",gpt-3.5-turbo,23,Answer-Question-Answer
PARTLY_RELEVANT,"The generated answer provides information about additional breakfast items in Karnataka, which is somewhat related to the original answer's focus on vada and idli. However, it does not address the specific characteristics and context of vada and idli discussed in the original answer, leading to only partial relevance.",gpt-3.5-turbo,24,Answer-Question-Answer
NON_RELEVANT,"The generated answer discusses visa and passport requirements for foreign travelers to Karnataka, which is entirely unrelated to the original answer that focuses on the culinary aspects and dishes of Karnataka. There is no overlap in topic or content between the two answers.",gpt-4o,0,Answer-Question-Answer
RELEVANT,"The generated answer directly addresses the historical importance of Penukonda in the context of the Vijayanagara Empire, specifically mentioning its role as the summer capital and the contributions of Sri Krishnadevaraya. It incorporates key information from the original answer, highlighting both political and cultural aspects, thus providing a comprehensive and accurate response to the question.",gpt-4o,1,Answer-Question-Answer
PARTLY_RELEVANT,"The generated answer includes Tirupati and mentions its role as the spiritual capital, which aligns with the original answer. However, it incorrectly identifies Rajahmundry as the cultural capital instead of Vijayawada, and adds Amaravati, which, while relevant, was not mentioned in the original. Overall, it covers some relevant aspects but also contains inaccuracies and omissions.",gpt-4o,2,Answer-Question-Answer
PARTLY_RELEVANT,"The generated answer provides specific details about animal species in Bandipur National Park and mentions that it is a significant wildlife sanctuary in Karnataka, which aligns with the context of the original answer. However, it lacks focus on the broader administrative context of wildlife conservation in Karnataka as stated in the original answer, making it only partially relevant.",gpt-4o,3,Answer-Question-Answer
RELEVANT,"The generated answer directly addresses the question about must-visit cultural and natural attractions in Karnataka. It provides specific examples and categories that align with the original answer's intent of listing sites of interest, thereby maintaining a high degree of relevance and similarity.",gpt-4o,4,Answer-Question-Answer
PARTLY_RELEVANT,"The generated answer acknowledges the lack of specific cultural events mentioned in the original answer, but it also provides additional information about festivals in Karnataka, which is outside the scope of the original content. Therefore, it is partly relevant as it addresses the question asked while diverging from the original context.",gpt-4o,5,Answer-Question-Answer
PARTLY_RELEVANT,"The generated answer focuses on the specific preparation and characteristics of dal (pappu) in Andhra Pradesh, which is somewhat relevant to the original answer that discusses a typical meal in Telugu cuisine. However, it diverges from the broader context of the original answer, which encompasses a variety of elements in a meal setting rather than solely focusing on dal. Therefore, it is not fully aligned with the original answer's content.",gpt-4o,6,Answer-Question-Answer
NON_RELEVANT,"The generated answer focuses on tourist spots in Andhra Pradesh specifically related to beaches and river confluences, which is unrelated to the original answer discussing Carnatic music and Kuchipudi dance. There is no overlap in content or context between the two responses.",gpt-4o,7,Answer-Question-Answer
RELEVANT,"The generated answer directly addresses the question regarding KSTDC managing hotels and accurately reflects the information provided in the original answer about the range of accommodations they offer, which includes both budget and luxury options. The response captures the main points and context of the original answer effectively.",gpt-4o,8,Answer-Question-Answer
PARTLY_RELEVANT,"The generated answer acknowledges the existence of waterfalls in Karnataka associated with historical or religious significance, but it lacks specific examples or detailed context as presented in the original answer. While it mentions Gokak Falls and gives information about the best time to visit, it does not fully address the original content related to tourist attractions and specific waterfalls. Therefore, it is only partly relevant.",gpt-4o,9,Answer-Question-Answer
PARTLY_RELEVANT,"The generated answer provides information about the best time to visit Andhra Pradesh's hill stations and forests, focusing on the cooler months. However, it does not reference or incorporate specific data from the original answer, which includes temperature ranges and climate data. The information is related but not directly aligned with the content of the original answer.",gpt-4o,10,Answer-Question-Answer
PARTLY_RELEVANT,"The generated answer addresses the topic of trekking in the Western Ghats, which is related to the original answer. However, it focuses on pre-booking procedures and permits, which was not mentioned in the original answer. While it provides some useful context regarding checking with local authorities or tour operators, it does not directly answer the specifics of trekking places outlined in the original response.",gpt-4o,11,Answer-Question-Answer
NON_RELEVANT,"The generated answer focuses on how to get around within Bengaluru, discussing transportation options such as public transit and taxis, which is completely different from the original answer that discusses connectivity between cities and national highways linking Karnataka with neighboring states. There is no overlap in content or context.",gpt-4o,12,Answer-Question-Answer
NON_RELEVANT,"The generated answer does not address the topic of attractiveness or exotic resorts in Andhra Pradesh, which was mentioned in the original answer. Instead, it focuses on the distance between a specific resort and the airport, making it unrelated to the original content.",gpt-4o,13,Answer-Question-Answer
RELEVANT,"The generated answer directly addresses the question about the city in Andhra Pradesh known for having exotic beach resorts, and identifies Visakhapatnam as that city. This aligns well with the original answer that highlights the attractiveness of the city and its resorts.",gpt-4o,14,Answer-Question-Answer
RELEVANT,"The generated answer accurately addresses the question about booking long-distance bus tickets in Andhra Pradesh by mentioning APSRTC and private operators, as well as providing relevant links and additional context, closely aligning with the original answer provided.",gpt-4o,15,Answer-Question-Answer
PARTLY_RELEVANT,"The generated answer addresses a relevant question about the local language in Karnataka, which relates to the context of the original answer. However, it does not provide additional information about the state itself, such as its geography and features, which were highlighted in the original answer.",gpt-4o,16,Answer-Question-Answer
RELEVANT,"The generated answer directly addresses the question by identifying Hubli (Hubballi) as the fastest-growing city in Karnataka after Bangalore, which is consistent with the information provided in the original answer.",gpt-4o,17,Answer-Question-Answer
NON_RELEVANT,"The generated answer does not address the original answer, which is about Mysore Palace at night, and instead focuses on entry fees for tourists. There is no connection between the two topics, making the generated answer irrelevant to the original.",gpt-4o,18,Answer-Question-Answer
NON_RELEVANT,"The generated answer addresses transportation options in Karnataka, which is completely unrelated to the original answer discussing centers for the study of Sanskrit and Hindu philosophy. There is no overlap in topic or context, making the generated answer irrelevant to the original answer.",gpt-4o,19,Answer-Question-Answer
NON_RELEVANT,"The generated answer provides information about the best time to visit Andhra Pradesh based on weather and festivals, which is unrelated to the original answer that focuses on the cultural, spiritual, and commercial identities of various cities in the state. There is no connection to the specific attributes or characteristics of the cities mentioned in the original answer.",gpt-4o,20,Answer-Question-Answer
PARTLY_RELEVANT,"The generated answer acknowledges the popularity of Dandeli for trekking, which is mentioned in the original answer. However, it does not directly answer the question about the availability of guided tours or expert guides. It hints at the possibility of such services being available but lacks specific information, making it only partly relevant.",gpt-4o,21,Answer-Question-Answer
RELEVANT,"The generated answer directly addresses the question about honey as a sweetener in traditional beverages in Andhra Pradesh and effectively incorporates elements from the original answer, specifically mentioning lime juice with ginger or honey. This shows a clear connection and fulfills the intent of the question.",gpt-4o,22,Answer-Question-Answer
NON_RELEVANT,"The original answer lists states and union territories without any reference to currency or money exchange, while the generated answer focuses on financial aspects related to travel in Karnataka. There is no overlap in content or context between the two answers.",gpt-4o,23,Answer-Question-Answer
RELEVANT,"The generated answer directly addresses the question about breakfast foods in Karnataka, specifically mentioning both vada and idli, which are central to the context of the original answer. It expands on the ideas found in the original answer, detailing the nature of these foods and their accompaniments, thereby maintaining relevance and similarity to the original content.",gpt-4o,24,Answer-Question-Answer
NON_RELEVANT,"The generated answer discusses visa requirements for foreign travelers in Karnataka, which is completely unrelated to the original answer, which focuses on specific foods and culinary traditions of Karnataka.",gpt-4o-mini,0,Answer-Question-Answer
RELEVANT,"The generated answer directly addresses the historical importance of Penukonda within the context of the Vijayanagara Empire, referencing its role as the summer capital and its association with Sri Krishnadevaraya. It expands on the original answer by elaborating on the architectural legacy and cultural significance of the city, effectively capturing the essence of the original content.",gpt-4o-mini,1,Answer-Question-Answer
PARTLY_RELEVANT,"The generated answer addresses the question about cultural and spiritual centers in Andhra Pradesh, including Tirupati and Rajahmundry, which relates to the original answer. However, it introduces new locations like Amaravati, Guntur, and Kurnool that were not mentioned in the original response. The relevance is therefore partial, as it contains some accurate information but diverges from the specific points made in the original answer.",gpt-4o-mini,2,Answer-Question-Answer
PARTLY_RELEVANT,"The generated answer provides specific information about the species of animals and birds in Bandipur National Park, which is relevant to the question. However, it does not address the broader context of wildlife administration in Karnataka, as mentioned in the original answer. Therefore, while it is related to the topic of wildlife in Karnataka, it is not wholly aligned with the original content.",gpt-4o-mini,3,Answer-Question-Answer
RELEVANT,"The generated answer directly addresses the question about must-visit cultural and natural attractions in Karnataka by providing a detailed list of both types of attractions. It aligns closely with the original answer's context of highlighting selective sites of interest in Karnataka and goes further by elaborating on specific areas of cultural and natural significance. Additionally, it includes practical advice on the best times to visit and travel tips, enhancing its utility for the reader.",gpt-4o-mini,4,Answer-Question-Answer
PARTLY_RELEVANT,"The generated answer provides valuable information about cultural events and festivals in Karnataka, which relates to the cultural heritage touched upon in the original answer. However, the original answer mainly focuses on geographical regions and characteristics of Karnataka without addressing festivals or events directly. Thus, while the generated answer is relevant to the topic of Karnataka, it diverges from the specifics of the original answer.",gpt-4o-mini,5,Answer-Question-Answer
PARTLY_RELEVANT,"The generated answer discusses Andhra Pradesh’s dal or pappu, which relates to the original answer's mention of dal (pappu) as part of a typical Telugu meal. However, it diverges into specifics about the preparation and distinctions of dal in Andhra Pradesh, which were not covered in the original answer that focused on a general overview of Telugu cuisine.",gpt-4o-mini,6,Answer-Question-Answer
NON_RELEVANT,"The generated answer focuses entirely on popular tourist spots in Andhra Pradesh, specifically beaches and river confluences, which is unrelated to the original answer that discusses Carnatic music and Kuchipudi dance. The topics are not connected, and the generative response does not address or relate to the cultural aspects mentioned in the original answer.",gpt-4o-mini,7,Answer-Question-Answer
RELEVANT,"The generated answer accurately addresses the question about KSTDC managing hotels and details the types of accommodations offered, specifically referencing budget and luxury options as well as home stays in areas mentioned in the original answer. It reflects the core information from the original answer while also being concise and directly responsive to the query.",gpt-4o-mini,8,Answer-Question-Answer
PARTLY_RELEVANT,"The generated answer addresses the original topic of waterfalls in Karnataka but shifts focus to waterfalls of historical and religious significance rather than solely discussing tourism or general characteristics. While it includes some relevant waterfalls like Gokak and Jog Falls, which are mentioned in the original answer, it diverges from the broader context of tourism and the prime visiting times provided, making it partially relevant.",gpt-4o-mini,9,Answer-Question-Answer
NON_RELEVANT,"The generated answer focuses on the best time to visit Andhra Pradesh’s hill stations and forests, which is unrelated to the original answer that contains climate data without specific travel recommendations. The original answer does not provide information on travel months or tourism-related details, indicating a significant disconnect between the two.",gpt-4o-mini,10,Answer-Question-Answer
PARTLY_RELEVANT,"The generated answer addresses the question about pre-booking procedures or permits for trekking in the specific regions mentioned. While it does relate to the context of trekking in the Western Ghats, it does not provide specific information from the original answer about the trekking places themselves, which limits its relevance. It does mention that the original context does not contain the needed information, indicating a lack of specificity in relation to the original answer.",gpt-4o-mini,11,Answer-Question-Answer
NON_RELEVANT,"The generated answer focuses exclusively on transportation within Bengaluru, while the original answer is about regional connectivity and falls on a railway line linking various cities in India. There is no overlap in content or context, as the generated answer does not address the original topic concerning the Mumbai-Chennai & Hyderabad Main line or its connections.",gpt-4o-mini,12,Answer-Question-Answer
NON_RELEVANT,"The generated answer focuses on the distance from Visakhapatnam Airport to Sai Priya Beach Resort, which is unrelated to the original answer that describes the attractiveness and features of a city in Andhra Pradesh. There is no direct connection between the generated content and the original answer.",gpt-4o-mini,13,Answer-Question-Answer
RELEVANT,"The generated answer correctly identifies Visakhapatnam (Vizag) as the city in Andhra Pradesh known for exotic beach resorts, aligning well with the original answer's focus on attractiveness and resorts near beaches.",gpt-4o-mini,14,Answer-Question-Answer
PARTLY_RELEVANT,"The generated answer addresses the question about booking long-distance bus tickets in Andhra Pradesh, which aligns with the original answer's focus. However, it diverges slightly by including references to additional state transport corporations (TSRTC, MSRTC, KSRTC) that aren't mentioned in the original answer, making it less closely aligned with the original response that primarily focuses on APSRTC and private agents like Redbus and Abhibus.",gpt-4o-mini,15,Answer-Question-Answer
PARTLY_RELEVANT,"The generated answer provides relevant information about the language spoken in Karnataka, which relates to the context of traveling in the state. However, it does not directly address the specifics of the original answer regarding Karnataka's geography, natural features, or the fact that it has the largest population of tigers in the world. Therefore, while the generated answer is informative, it only partially relates to the context of the original answer.",gpt-4o-mini,16,Answer-Question-Answer
RELEVANT,"The generated answer directly addresses the question about the fastest-growing city in Karnataka after Bangalore, and clearly identifies Hubli (Hubballi) as that city, which aligns perfectly with the information provided in the original answer.",gpt-4o-mini,17,Answer-Question-Answer
NON_RELEVANT,"The generated answer discusses entry fees and policies for visiting Mysore Palace, which is unrelated to the original answer that simply states 'Mysore Palace at night'. The focus is completely different, as the original answer does not provide any information about entry fees or tourist charges.",gpt-4o-mini,18,Answer-Question-Answer
NON_RELEVANT,"The generated answer discusses transportation options in Karnataka, which is entirely unrelated to the original answer that highlights centers for the study of Sanskrit and Hindu philosophy. There is no overlap in content or context.",gpt-4o-mini,19,Answer-Question-Answer
NON_RELEVANT,"The original answer focuses on the cultural, spiritual, and commercial capitals of Andhra Pradesh, highlighting specific cities and their significance. The generated answer, however, discusses the best time to visit the state for weather and festivals, which does not relate to the city-based information of the original answer.",gpt-4o-mini,20,Answer-Question-Answer
RELEVANT,"The generated answer addresses the question about guided tours and expert guides for jungle trekking in Dandeli directly and provides additional context by highlighting Dandeli's popular activities, including trekking, river rafting, and wildlife discovery. This information aligns well with the original answer's focus on Dandeli's attractions.",gpt-4o-mini,21,Answer-Question-Answer
RELEVANT,"The generated answer is relevant as it directly addresses the use of honey as a sweetener in traditional beverages, which links back to the original answer that mentions lime juice with ginger or honey and various fresh fruit juices. Both answers discuss similar beverage types and highlight honey's role in enhancing flavor.",gpt-4o-mini,22,Answer-Question-Answer
NON_RELEVANT,"The generated answer discusses currency and money exchange in Karnataka, which is unrelated to the original answer that lists places in Southern India. There is no overlap in content or context, which indicates a lack of relevance.",gpt-4o-mini,23,Answer-Question-Answer
RELEVANT,"The generated answer provides a comprehensive overview of breakfast foods in Karnataka, focusing on idli and vada, which were specifically mentioned in the original answer. It expands on the context by detailing other breakfast items, their accompaniments, the culinary traditions of the region, and the variety available, all of which align closely with the themes presented in the original answer.",gpt-4o-mini,24,Answer-Question-Answer
NON_RELEVANT,"The generated answer incorrectly states that foreign travelers do not need a visa and passport to visit Karnataka. In reality, foreign travelers typically need a valid passport and a visa to enter India, including Karnataka. Thus, the information provided is not aligned with the requirements for travelers and is misleading.",gpt-3.5-turbo,0,Question-Answer
RELEVANT,The generated answer directly addresses the historical importance of Penukonda within the context of the Vijayanagara empire by mentioning its role as the summer capital and highlighting its cultural and architectural significance linked to King Sri Krishnadevaraya.,gpt-3.5-turbo,1,Question-Answer
RELEVANT,"The generated answer accurately identifies and describes several main cultural and spiritual centers in Andhra Pradesh, such as Tirupati, Vijayawada, Amaravati, Guntur, and Rajahmundry. Each center is associated with its cultural or spiritual significance, directly addressing the question.",gpt-3.5-turbo,2,Question-Answer
RELEVANT,"The generated answer directly addresses the question by listing specific species of animals (tigers, leopards, elephants) and indicating that various species of birds can also be encountered, which aligns well with the inquiry about animals and birds in Bandipur National Park.",gpt-3.5-turbo,3,Question-Answer
RELEVANT,"The generated answer lists various cultural and natural attractions in Karnataka, such as religious sites, historical remnants, UNESCO World Heritage Sites, parks, and more, which directly addresses the question about must-visit attractions in the state.",gpt-3.5-turbo,4,Question-Answer
RELEVANT,"The generated answer directly addresses the question by listing several cultural events and festivals in Karnataka that visitors should experience. It also explains the significance of these festivals in showcasing the rich cultural heritage of the region, thereby providing useful information for someone interested in visiting Karnataka.",gpt-3.5-turbo,5,Question-Answer
RELEVANT,"The generated answer effectively addresses the question by describing how Andhra Pradesh's dal or pappu differs from dals in other regions. It specifies the types of dals used, cooking methods, and seasoning variations that are characteristic of Andhra Pradesh, providing relevant context and examples that distinguish it from other regional dals.",gpt-3.5-turbo,6,Question-Answer
PARTLY_RELEVANT,"The generated answer mentions Visakhapatnam as a popular beach location but does not address river confluences or provide a comprehensive list of popular tourist spots, making it only partially relevant to the question.",gpt-3.5-turbo,7,Question-Answer
RELEVANT,"The generated answer directly addresses the question by confirming that KSTDC manages hotels and specifies the range of accommodations offered, including both budget and luxury options at various tourist destinations in Karnataka.",gpt-3.5-turbo,8,Question-Answer
PARTLY_RELEVANT,"The generated answer mentions Gokak Falls and its historical significance, which relates to the question about waterfalls in Karnataka with historical or religious significance. However, it does not address whether the falls have any religious significance, and it is limited to one specific waterfall instead of addressing multiple options. Thus, the answer is partly relevant.",gpt-3.5-turbo,9,Question-Answer
RELEVANT,"The generated answer directly addresses the question by specifying the months (November to February) that are considered the best time to visit Andhra Pradesh's hill stations and forests, along with the reasoning related to weather conditions.",gpt-3.5-turbo,10,Question-Answer
RELEVANT,"The generated answer directly addresses the question by stating that there is no specific mention of required pre-booking procedures or permits for trekking in the Western Ghats region around Sakleshpur, Chikmagalur, and Coorg. It also provides a useful suggestion to check with local authorities or tour operators, which is pertinent to the inquiry about permits and procedures.",gpt-3.5-turbo,11,Question-Answer
PARTLY_RELEVANT,"The generated answer primarily focuses on bus and train services, which are part of public transit options in Bengaluru. However, it lacks specific information about taxis, ride-sharing services, or other modes of transportation within the city, making it only partially relevant to the question.",gpt-3.5-turbo,12,Question-Answer
PARTLY_RELEVANT,"The generated answer acknowledges the proximity of Sai Priya Beach Resort to Visakhapatnam and mentions the airport, which is relevant to the question. However, it fails to provide a specific distance or direct answer, making it only partly relevant.",gpt-3.5-turbo,13,Question-Answer
RELEVANT,"The generated answer directly addresses the question by identifying Vizag (Visakhapatnam) as the city in Andhra Pradesh known for exotic beach resorts, which aligns perfectly with the inquiry.",gpt-3.5-turbo,14,Question-Answer
RELEVANT,"The generated answer directly addresses the question by providing information about the main options for booking long-distance bus tickets in Andhra Pradesh. It mentions relevant services, including APSRTC and other state transport corporations, along with a specific online booking link, making it useful for users looking to book tickets.",gpt-3.5-turbo,15,Question-Answer
RELEVANT,"The generated answer directly addresses the question by suggesting Kannada as the primary local language to learn for basic phrases while traveling across Karnataka. It also provides additional relevant information about other languages, such as Hindi and Marathi, that may be helpful in specific regions, thus enhancing the answer's relevance to the travel context.",gpt-3.5-turbo,16,Question-Answer
RELEVANT,"The generated answer directly addresses the question by identifying Hubli (Hubballi) as the fastest-growing city in Karnataka after Bangalore, which aligns perfectly with the inquiry posed.",gpt-3.5-turbo,17,Question-Answer
RELEVANT,"The generated answer directly addresses the entry fees for both Indian and foreign tourists visiting Mysore Palace and specifies that children under 10 are not charged, which fully answers the question.",gpt-3.5-turbo,18,Question-Answer
RELEVANT,"The generated answer accurately lists the primary transportation options available in Karnataka, including specific bus services and mentions the road infrastructure. It also acknowledges alternative transportation methods like trekking, though it is somewhat off-topic. Overall, the response addresses the question effectively regarding transportation options.",gpt-3.5-turbo,19,Question-Answer
RELEVANT,"The generated answer directly addresses the question by stating that the best time to visit Andhra Pradesh is between November and February, providing both a time frame and reasoning related to the weather and festivals.",gpt-3.5-turbo,20,Question-Answer
RELEVANT,"The generated answer directly addresses the question regarding the availability of guided tours or expert guides for jungle trekking in Dandeli. It mentions that such options may be available and provides context about the popularity of trekking in the region, which supports the answer.",gpt-3.5-turbo,21,Question-Answer
RELEVANT,The generated answer directly addresses the question by confirming that honey is used as a sweetener in traditional beverages in Andhra Pradesh and provides specific examples of such beverages.,gpt-3.5-turbo,22,Question-Answer
RELEVANT,"The generated answer directly addresses both parts of the question by stating the currency used in Karnataka, which is the Indian Rupee (INR), and providing detailed information on how travelers can exchange money upon arrival, including various locations and a recommendation for using authorized services.",gpt-3.5-turbo,23,Question-Answer
RELEVANT,"The generated answer directly addresses the question by listing various traditional breakfast foods in Karnataka, including vada and idli, while also mentioning other related items. This fulfills the query's request for information about breakfast foods in the region.",gpt-3.5-turbo,24,Question-Answer
RELEVANT,"The generated answer effectively addresses the question about whether foreign travelers need a visa and passport to visit Karnataka. It clarifies that the need for these documents depends on nationality and other factors, while also advising travelers to consult official resources for the most current information, which is useful and pertinent.",gpt-4o,0,Question-Answer
RELEVANT,"The generated answer directly addresses the historical importance of Penukonda within the Vijayanagara Empire by highlighting its role as the summer capital, mentioning significant ruler Sri Krishnadevaraya, and discussing the architectural and cultural heritage associated with the region. This information is pertinent and informative in context to the question asked.",gpt-4o,1,Question-Answer
RELEVANT,"The generated answer provides specific examples of significant cultural and spiritual centers in Andhra Pradesh, addressing the question directly. It includes notable places like Tirupati, Amaravati, and Rajahmundry, describing their importance and relevance, which aligns well with the inquiry about what to visit in the region.",gpt-4o,2,Question-Answer
RELEVANT,"The generated answer directly addresses the question by listing specific species of animals (elephants, tigers, leopards) and mentions that there are several species of birds in Bandipur National Park, providing a clear and informative response relevant to the inquiry.",gpt-4o,3,Question-Answer
RELEVANT,"The generated answer provides a comprehensive overview of must-visit cultural and natural attractions in Karnataka, mentioning UNESCO World Heritage Sites, national parks, trekking opportunities, museums, and historical sites. Each point directly relates to the question, highlighting the state's cultural and natural offerings.",gpt-4o,4,Question-Answer
RELEVANT,"The generated answer addresses the question by acknowledging the lack of specific mention of cultural events in the provided context but goes on to provide relevant examples of well-known festivals in Karnataka, fulfilling the request for information about cultural events a visitor should experience.",gpt-4o,5,Question-Answer
RELEVANT,"The generated answer effectively addresses the question by explaining how Andhra Pradesh's dal, or pappu, differs from dals in other regions. It discusses specific ingredients, preparation methods, and seasoning variations that are unique to the region, which aligns well with the intent of the question.",gpt-4o,6,Question-Answer
PARTLY_RELEVANT,"The generated answer addresses the question by mentioning the popular beach destination of Visakhapatnam in Andhra Pradesh, which is relevant to the topic of beaches. However, it lacks specific examples of river confluences as requested by the question, making it only partially relevant.",gpt-4o,7,Question-Answer
RELEVANT,"The generated answer directly addresses both parts of the question by confirming that KSTDC manages hotels and detailing the types of accommodations they offer, which include budget to luxury options at various tourist destinations in Karnataka.",gpt-4o,8,Question-Answer
PARTLY_RELEVANT,"The generated answer acknowledges the existence of waterfalls in Karnataka that are associated with historical or religious significance but fails to provide specific examples or details about these waterfalls. While it mentions Gokak Falls as a possible example, it does not confirm its historical or religious association, making the answer only somewhat relevant to the query.",gpt-4o,9,Question-Answer
RELEVANT,"The generated answer directly addresses the question by specifying the best months to visit Andhra Pradesh’s hill stations and forests, which are from November to March. It also provides a rationale for this timing, citing pleasant weather for outdoor activities, making the response relevant and informative.",gpt-4o,10,Question-Answer
PARTLY_RELEVANT,"The generated answer acknowledges that the required pre-booking procedures or permits are not specified in the CONTEXT. It also suggests checking with local authorities or tour operators for specific requirements, which addresses the question somewhat. However, it does not provide direct information about any specific permits or procedures, making it only partly relevant.",gpt-4o,11,Question-Answer
RELEVANT,"The generated answer directly addresses the question by providing clear and comprehensive information on how to get around Bengaluru, including details about public transit options like BMTC buses and taxis, along with ridesharing services like Uber and Ola. This makes it highly relevant to the query posed.",gpt-4o,12,Question-Answer
PARTLY_RELEVANT,"The generated answer acknowledges that it does not provide the specific distance requested in the question, but it suggests consulting a map or GPS for accurate information. While it does not answer the question directly, it recognizes the need for that information, making it partly relevant.",gpt-4o,13,Question-Answer
RELEVANT,"The generated answer directly addresses the question by stating that Visakhapatnam (Vizag) is the city in Andhra Pradesh known for exotic beach resorts, which is exactly what the question is asking for.",gpt-4o,14,Question-Answer
RELEVANT,"The generated answer directly addresses the question by outlining the main options for booking long-distance bus tickets in Andhra Pradesh, specifically mentioning APSRTC and private operators. It provides relevant details about how to book tickets and the connectivity offered, which aligns well with the inquiry.",gpt-4o,15,Question-Answer
RELEVANT,"The generated answer directly addresses the question by stating that basic phrases in Kannada should be known when traveling across Karnataka, which is the core of the inquiry. It provides context about Kannada being the official language and additional information about language use in the region, reinforcing its relevance.",gpt-4o,16,Question-Answer
RELEVANT,"The generated answer directly addresses the question by identifying Hubli as the fastest-growing city in Karnataka after Bangalore, providing a clear and accurate response to the query.",gpt-4o,17,Question-Answer
NON_RELEVANT,"The generated answer does not provide any specific information related to the question about entry fees for Indian and foreign tourists or whether children are charged. It only suggests checking an external source for the information, which does not fulfill the request.",gpt-4o,18,Question-Answer
RELEVANT,"The generated answer comprehensively outlines two primary transportation options available in Karnataka: bus services and roadways. It details the role of the Karnataka State Road Transport Corporation and the interconnectivity provided by roads and highways, which directly addresses the question about transportation options in the state.",gpt-4o,19,Question-Answer
RELEVANT,"The generated answer accurately addresses the question by stating that the best time to visit Andhra Pradesh is from November to February, explaining the favorable weather conditions during this period and mentioning that it coincides with local festivals. This aligns well with the user's inquiry about both weather and festivals.",gpt-4o,20,Question-Answer
PARTLY_RELEVANT,"The generated answer does not directly confirm the availability of guided tours or expert guides for jungle trekking in Dandeli, as it states that the context does not specify this information. However, it offers reasonable assumptions and suggestions on how to find this information, which adds some value but does not fully answer the question.",gpt-4o,21,Question-Answer
RELEVANT,"The generated answer directly addresses the question by confirming that honey is used as a sweetener in traditional beverages in Andhra Pradesh and provides a specific example, thus making it relevant to the inquiry.",gpt-4o,22,Question-Answer
RELEVANT,"The generated answer directly addresses both aspects of the question: it specifies that the currency used in Karnataka is the Indian Rupee (INR) and provides comprehensive information on how travelers can exchange money upon arrival, detailing available options such as airport counters, hotels, banks, and ATMs.",gpt-4o,23,Question-Answer
RELEVANT,"The generated answer directly addresses the question by providing specific information about breakfast foods commonly found in Karnataka, including vada and idli. It details the nature of these foods and mentions other related dishes, making it comprehensive and relevant to the inquiry.",gpt-4o,24,Question-Answer
RELEVANT,"The generated answer addresses the question about visa and passport requirements for foreign travelers to Karnataka by advising to check official sources for accurate information. It acknowledges the variability of visa policies, which is directly relevant to the inquiry.",gpt-4o-mini,0,Question-Answer
RELEVANT,"The generated answer directly addresses the historical importance of Penukonda by highlighting its role as the summer capital of the Vijayanagara Empire and mentioning its architectural significance and cultural heritage, particularly under the reign of Sri Krishnadevaraya.",gpt-4o-mini,1,Question-Answer
RELEVANT,"The generated answer directly addresses the question by listing several key cultural and spiritual centers in Andhra Pradesh, including Tirupati, Rajahmundry, Amaravati, Guntur, and Kurnool. Each center is briefly described in terms of its significance, which aligns well with the inquiry about main sites to visit in the context of culture and spirituality.",gpt-4o-mini,2,Question-Answer
RELEVANT,"The generated answer directly addresses the question by listing specific species of animals and birds that can be encountered in Bandipur National Park, such as leopards, tigers, and elephants. It also provides context about the park's biodiversity and suggests visiting times for better wildlife sightings, which adds further value to the information.",gpt-4o-mini,3,Question-Answer
RELEVANT,"The generated answer comprehensively addresses the question by listing a variety of must-visit cultural and natural attractions in Karnataka, including religious sites, UNESCO World Heritage Sites, national parks, and trekking locations. It offers specific examples and insights, making it highly relevant to the inquiry about attractions in the state.",gpt-4o-mini,4,Question-Answer
RELEVANT,"The generated answer provides a comprehensive list of cultural events and festivals specific to Karnataka, directly addressing the question. Each event is described in detail, explaining its significance and appeal to visitors, fulfilling the information request effectively.",gpt-4o-mini,5,Question-Answer
RELEVANT,"The generated answer directly addresses the question by explaining how Andhra Pradesh's dal or pappu differs from dals in other regions. It outlines specific types of dals, describes their preparation methods, and highlights the simplicity and flavor profile that make them unique, which aligns well with the inquiry about differences.",gpt-4o-mini,6,Question-Answer
RELEVANT,"The generated answer provides specific information about popular beaches and river confluences in Andhra Pradesh, directly addressing the question. It mentions notable locations and their significance, making it informative and directly relevant to the inquiry.",gpt-4o-mini,7,Question-Answer
RELEVANT,"The generated answer directly addresses the question about KSTDC managing hotels and specifies the types of accommodations they offer, including in-house branded hotels for various budgets and home stays, thus providing comprehensive and relevant information.",gpt-4o-mini,8,Question-Answer
RELEVANT,"The generated answer directly addresses the question by identifying several waterfalls in Karnataka that have historical or religious significance. It provides specific examples such as Gokak Falls, Kudalasangama, and Jog Falls, and connects them to cultural heritage and pilgrimage, thus fully answering the inquiry about their significance.",gpt-4o-mini,9,Question-Answer
RELEVANT,"The generated answer directly addresses the question by providing a specific timeframe (October to March) that is generally considered the best time to visit the hill stations and forests in Andhra Pradesh. Additionally, it offers context about the pleasant weather during these months, which is pertinent information for someone planning a visit.",gpt-4o-mini,10,Question-Answer
PARTLY_RELEVANT,"The generated answer acknowledges that the context does not provide specific details about the required pre-booking procedures or permits for trekking in the specified regions. While it offers general advice to consult local trekking organizations for updated information, it does not answer the question directly regarding the existence of any required procedures or permits.",gpt-4o-mini,11,Question-Answer
RELEVANT,"The generated answer directly addresses the question by providing relevant information on various ways to navigate Bengaluru, including details about the public transit system (buses and metro) and taxi options. It also elaborates on the availability of rideshare apps, which is pertinent to the question about getting around the city.",gpt-4o-mini,12,Question-Answer
PARTLY_RELEVANT,"The generated answer does not provide the specific distance between Sai Priya Beach Resort and Visakhapatnam Airport, which is the main focus of the question. However, it acknowledges the presence of the airport and suggests seeking local resources for more information, indicating an understanding of the context.",gpt-4o-mini,13,Question-Answer
RELEVANT,"The generated answer correctly identifies Visakhapatnam as a city in Andhra Pradesh known for exotic beach resorts, directly addressing the question and providing relevant details about its coastal attractions.",gpt-4o-mini,14,Question-Answer
RELEVANT,"The generated answer directly addresses the question by outlining the main options for booking long-distance bus tickets in Andhra Pradesh, including both private operators and state-run companies. It also provides specific examples and links to relevant services, making the information comprehensive and useful for someone seeking to book tickets in that region.",gpt-4o-mini,15,Question-Answer
RELEVANT,"The generated answer directly addresses the question by stating that knowing basic phrases in Kannada is recommended for traveling across Karnataka. It also provides additional context about language usage in the region, which enhances the relevance of the response.",gpt-4o-mini,16,Question-Answer
RELEVANT,"The generated answer directly addresses the question by identifying Hubli (Hubballi) as the fastest-growing city in Karnataka after Bangalore, providing a clear and accurate response.",gpt-4o-mini,17,Question-Answer
PARTLY_RELEVANT,"The generated answer does not provide specific entry fee details as requested by the question; however, it acknowledges the lack of information and suggests checking official sources for current fees, which is somewhat relevant to the inquiry.",gpt-4o-mini,18,Question-Answer
RELEVANT,"The generated answer provides a comprehensive overview of the primary transportation options available in Karnataka, including buses, road connectivity, smartphone apps, and travel agents. It directly addresses the question and gives useful information for navigating the state.",gpt-4o-mini,19,Question-Answer
RELEVANT,"The generated answer directly addresses the question by specifying the best time to visit Andhra Pradesh (between November and February) and explains why this period is favorable for enjoying both the weather and local festivals. It also mentions the comfortable climate and the opportunities to explore various tourist attractions, which are relevant to the question.",gpt-4o-mini,20,Question-Answer
RELEVANT,"The generated answer directly addresses the question about the availability of guided tours and expert guides for jungle trekking in Dandeli, confirming their presence and elaborating on the experiences they provide. It also mentions additional activities, which enhances the context without deviating from the main inquiry.",gpt-4o-mini,21,Question-Answer
RELEVANT,"The generated answer directly addresses the question by confirming that honey is used as a sweetener in traditional beverages in Andhra Pradesh. It provides specific examples of beverages that include honey, enhancing its relevance.",gpt-4o-mini,22,Question-Answer
RELEVANT,"The generated answer directly addresses both parts of the question by stating that the currency used in Karnataka is the Indian Rupee and providing information on where travelers can exchange money upon arrival, such as airports, banks, and currency exchange counters. It also advises travelers on checking exchange rates and having local currency, making it comprehensive and pertinent to the inquiry.",gpt-4o-mini,23,Question-Answer
RELEVANT,"The generated answer directly addresses the question by discussing breakfast foods found in Karnataka, specifically mentioning idli and vada, along with other popular dishes such as dosa and upma. It provides relevant cultural context and additional information about the cuisine, making it highly relevant to the question.",gpt-4o-mini,24,Question-Answer
