model,question_id,question,location,document_id,answer_orig,answer_llm
gpt-3.5-turbo,1,What are the main options for booking long-distance bus tickets in Andhra Pradesh?,Andhra_Pradesh,6971dd73,"are buses and railway systems. You can find information on long-distance government buses on APSRTC (https://www.apsrtcon line.in/), while some private travel agents are Redbus (https://m.redbus.in), Abhibus (https://www.abhibu s.com), and Makemytrip (https://www.makemytrip.com).","The main options for booking long-distance bus tickets in Andhra Pradesh include private operators and state-run companies like APSRTC, MSRTC, TSRTC, and KSRTC. You can find information on long-distance government buses on the APSRTC website for booking. Additionally, interstate buses from neighboring states also operate routes to Andhra Pradesh."
gpt-3.5-turbo,2,What local language should I know basic phrases in when traveling across Karnataka?,Karnataka,cd773775,"A state in Southern India, **Karnataka** (Kannada: **ಕರ್ನಾ** ಟಕ Karnāṭaka) stretches from Belgaum in the north to Mangalore in the south. It has a coastal region with numerous coconut trees and beautiful beaches and an interior with mountains, valleys and farmlands. It has the largest population of tigers in the world.","When traveling across Karnataka, it would be helpful to know basic phrases in Kannada, the official language of the state. Understanding Kannada will allow you to communicate with most of the inhabitants, as well as navigate through the different regional dialects. Additionally, many people in Northern Karnataka regions like Bidar, Kalaburagi, and Yadgir can understand Hindi/Urdu, while in districts like Raichur and Bellary, people can speak Telugu. It is also mentioned that English is more widely understood than Hindi in urban areas."
gpt-3.5-turbo,3,Which city is currently the fastest-growing in Karnataka after Bangalore?,Karnataka,c75cb1f7,"Bangalore (Bengaluru) - the state capital as well as the information technology capital of India 1 Belgaum (Belagavi) - the commercial hub in North Karnataka and the second biggest overall export powerhouse in Karnataka after Bangalore 2 Belur - the former capital of the Hoysalla dynasty; Hale Belur is the older capital 3 Hubli (Hubballi) - the fastest-growing city in Karnataka after Bangalore 4 Kalaburagi (Gulbarga) - centre for the northern division of the state, with the historical Gulbarga",Hubli (Hubballi) is currently the fastest-growing city in Karnataka after Bangalore.
gpt-3.5-turbo,4,"What are the entry fees for Indian and foreign tourists visiting Mysore Palace, and are children charged?",Karnataka,770e1a00,"Mysore Palace at night  
![8_image_0.png](8_image_0.png)","The entry fees for Indian tourists visiting Mysore Palace is INR 40, while for foreign tourists it is INR 200. Children are charged INR 20 for entry."
gpt-3.5-turbo,5,What are the primary transportation options available to get around Karnataka?,Karnataka,07ac0187,"Gokarna, Udupi and Shringeri are well-known centres for the study of Sanskrit and Hindu philosophy.","The primary transportation options available to get around Karnataka include state-owned buses operated by KSRTC, NWKRTC, and NEKRTC. These buses connect most parts of Karnataka and some places in neighboring states. Additionally, major cities in Karnataka are well connected by a mix of national and state highways, with tolled roads on newer highways and certain areas within Bangalore. Trekking is also a popular way to explore the natural beauty of Karnataka."
gpt-3.5-turbo,6,When is the best time to plan a trip to Andhra Pradesh to enjoy the weather and festivals?,Andhra_Pradesh,dceae12c,"- known as the cultural capital of Andhra Pradesh, noted for its versatile Vedic culture and intellectualism 1 2 3 4 5 6 Tirupati - known as spiritual capital of Andhra Pradesh; has a sacred temple on the Tirumala Hills Vijayawada - known as commercial capital of Andhra Pradesh; its second largest city Visakhapatnam (Vizag) —","The best time to plan a trip to Andhra Pradesh to enjoy the weather and festivals would be from November to February when the temperatures are relatively cooler. This time of year is ideal for exploring the rich history, architecture, and culture of Andhra Pradesh, as well as enjoying the various tourist attractions such as beaches, hills, wildlife, forests, and temples."
gpt-3.5-turbo,7,Are there guided tours or expert guides available for jungle trekking in Dandeli?,Karnataka,e86f4081,"Dandeli is popular for trekking, river rafting and wildlife discovery","There is no specific mention of guided tours or expert guides for jungle trekking in Dandeli in the provided context. Travel agents may offer private package tours to various destinations across Karnataka, but it is recommended to inquire locally or contact tour operators in Dandeli for information on guided tours or expert guides for jungle trekking in the area."
gpt-3.5-turbo,8,Is honey used as a sweetener in any traditional beverages in Andhra Pradesh?,Andhra_Pradesh,309d4546,"lime juice with ginger or honey fresh fruit juices like sapota, orange (green they call mosambi in Hindi exclusively), grape, pineapple","Yes, honey is used as a sweetener in traditional beverages in Andhra Pradesh. Some examples include lime juice with ginger or honey and fresh fruit juices like sapota, orange, grape, and pineapple. Honey is also commonly used in various dishes and beverages in Telugu cuisine, the cuisine of Andhra Pradesh, which is a mix of Hindu and Muslim styles."
gpt-3.5-turbo,9,"What currency is used in Karnataka, and how can travelers exchange money upon arrival?",Karnataka,39a5628d,"Andhra Pradesh Goa Kerala Lakshadweep Islands Maharashtra Tamil Nadu Telangana Retrieved from ""https://en.wikivoyage.org/w/index.php?title=Karnataka&oldid=5089685""","ANSWER: The currency used in Karnataka is the Indian Rupee (INR). Travelers can exchange money upon arrival at airports, authorized currency exchange centers, and hotels. It is recommended to exchange money at official currency exchange counters for the best rates."
gpt-3.5-turbo,10,"What types of breakfast foods can I expect to find in Karnataka, especially involving vada and idli?",Karnataka,81919206,"into the batter during frying. This is thick, unlike Dosas which are crisp. Vada - A fried savory doughnut. This is consumed along with idli and known as idlivada.Vada are very popular item at breakfast time since it is light yet wholesome. Vadas are available on Indian Railways and most transport hubs all day. Although deep fried in boiling oil, this is not oily when fried correctly. Served with steaming hot sambar and chutney.","In Karnataka, for breakfast, you can expect to find idli, vada, dosa, upma, poha, parantha with Mosaru (curd), and some local specialty items. Upma is also a common breakfast dish in Karnataka."
gpt-3.5-turbo,11,"Is Karnataka a safe place for solo female travelers, and are there any precautions to take?",Karnataka,1a6999f1,"(Japanese, South Korean, etc.) and the specialties of various Indian Breakfasts like idli, vada, dosa, upma, poha, parantha with Mosaru (curd) including *Today's Special*. One can try the local breakfasts to get a hang of the varied tastes of India.","Based on the information provided, Karnataka is generally a safe place for solo female travelers, but it is important to take some precautions. Common crimes such as theft and purse-snatching can occur, so it is advisable to be careful with your valuables. When traveling late at night, it is safer to be in a group for better protection. It is also recommended not to venture into the sea at certain beaches like Surathkal, Taneerubhavi, Panamburu, Malpe, and Ullala. Additionally, when trekking in reserved forests, it is necessary to obtain permission from the Karnataka forest department (Forest Range Officers)."
gpt-3.5-turbo,12,Are there any waterfalls in Karnataka that are associated with historical or religious significance?,Karnataka,5edc52cd,"Waterfalls are one of the major tourist attractions in Karnataka, many of which are primarily located in Malenadu, Cauvery Basin and Karavali regions. The best time to visit these waterfalls would be during the monsoon months of June, July, August or post-rainy seasons between September to October months. Jog Falls near Sagara in Shimoga district is one of the highest waterfalls in India and Abbey Falls, Achakanya Falls, Balmuri Falls, Chunchanakatte Falls, Gokak Falls are some of the other","Yes, there are waterfalls in Karnataka that are associated with historical or religious significance. For example, Gokak Falls in Karnataka is a well-known waterfall that holds historical significance. Additionally, Karnataka has various religious sites, remnants of historical empires, UNESCO World Heritage Sites, and waterfalls that are part of its diverse history and culture."
gpt-3.5-turbo,13,Can I reach Hyderabad directly by train from Kalaburagi and Hubli?,Karnataka,15dd51d5,"Capital cities across the country. Hubli falls on the junction of the Konkan Railway and Vijayawada Vasco line and is connected to Kolkata, Mumbai Bangalore, New Delhi, Ahmedabad and Hyderabad. Mangalore falls at the junction of Southern Railway and Konkan Railway and is well connected to major northern states of Maharashtra, Gujarat, Rajasthan, Delhi, as well as to Kerala and Tamil Nadu. Kalaburagi falls on the Mumbai- Chennai & Hyderabad Main line and is connected to Mumbai, New Delhi,","Yes, you can reach Hyderabad directly by train from Kalaburagi. Hyderabad is connected to Kalaburagi through long distance trains running on the Mumbai-Chennai & Hyderabad Main line."
gpt-3.5-turbo,14,What are the main regions of Karnataka and what unique features does each offer for travelers?,Karnataka,df2f68d2,"Bangalore The state capital as well as the information technology capital of India. Cauvery Basin Southern Karnataka, including Mysore. Rolling hills, large sunflower fields and Tibetan culture. Southeastern Karnataka Central Karnataka Karavali Karnataka's coastal region. A Relatively unexplored region, full of empty beaches and lush green rainforest. Northern Karnataka Home to the stunning religious and archeological site of Hampi. Full of other-worldly geology and nature. Northwestern","Karnataka is divided into several main regions that offer unique features for travelers:

1. Bangalore: The state capital and IT capital of India, Bangalore offers a mix of modern technology and culture.
2. Cauvery Basin: Southern Karnataka, including Mysore, features rolling hills, sunflower fields, and Tibetan culture.
3. Southeastern Karnataka: Central Karnataka with historical remnants, UNESCO World Heritage Sites, and national parks.
4. Karavali Karnataka: The coastal region of Karnataka is relatively unexplored with empty beaches and lush green rainforests.
5. Northern Karnataka: Home to the stunning religious and archaeological site of Hampi, with other-worldly geology and nature.
6. Northwestern Karnataka: A region with beautiful mountain ranges, national parks, forests, wildlife sanctuaries, and waterfalls for trekking."
gpt-3.5-turbo,15,"Are there local options for hiring taxis or auto-rickshaws in Karnataka cities, and how do payment systems typically work?",Karnataka,66265fdc,"KSRTC, mentioned in ""Get in"", also plies intrastate buses connecting most of Karnataka. NWKRTC (ht tps://nwkrtc.karnataka.gov.in/english) and NEKRTC **(http://nekrtc.org/index.html)** buses serve the northern part of Karnataka state and to some places of adjoing states. Services available:","In Karnataka cities, you can hire taxis or auto-rickshaws for transportation. Payment systems typically work on a metered basis for both taxis and auto-rickshaws, where the fare is calculated based on the distance traveled. It is advisable to clarify the fare with the driver before starting the journey to avoid any misunderstandings."
gpt-4o,1,What are the main options for booking long-distance bus tickets in Andhra Pradesh?,Andhra_Pradesh,6971dd73,"are buses and railway systems. You can find information on long-distance government buses on APSRTC (https://www.apsrtcon line.in/), while some private travel agents are Redbus (https://m.redbus.in), Abhibus (https://www.abhibu s.com), and Makemytrip (https://www.makemytrip.com).","The main options for booking long-distance bus tickets in Andhra Pradesh are through both private operators and state-run companies. You can book tickets online via the APSRTC website (https://m.redbus.in/online-booking/apsrtc). Other state transport corporations like MSRTC, TSRTC, and KSRTC also provide services and their tickets can be booked online on platforms such as redBus (https://m.redbus.in/online-booking/msrtc for MSRTC, https://m.redbus.in/online-booking/tsrtc for TSRTC, and https://ksrtc.in/ for KSRTC). These buses connect Andhra Pradesh with neighboring states like Telangana, Chhattisgarh, Odisha, Tamil Nadu, and Karnataka."
gpt-4o,2,What local language should I know basic phrases in when traveling across Karnataka?,Karnataka,cd773775,"A state in Southern India, **Karnataka** (Kannada: **ಕರ್ನಾ** ಟಕ Karnāṭaka) stretches from Belgaum in the north to Mangalore in the south. It has a coastal region with numerous coconut trees and beautiful beaches and an interior with mountains, valleys and farmlands. It has the largest population of tigers in the world.","When traveling across Karnataka, it is beneficial to know basic phrases in **Kannada**, as it is the official language spoken by most of the state's inhabitants. Understanding Kannada can enhance your travel experience, especially given that Hindi is not commonly spoken outside of a few urban areas. Additionally, people in Karnataka may respond more readily to English than Hindi, so having some English phrases handy could also be helpful."
gpt-4o,3,Which city is currently the fastest-growing in Karnataka after Bangalore?,Karnataka,c75cb1f7,"Bangalore (Bengaluru) - the state capital as well as the information technology capital of India 1 Belgaum (Belagavi) - the commercial hub in North Karnataka and the second biggest overall export powerhouse in Karnataka after Bangalore 2 Belur - the former capital of the Hoysalla dynasty; Hale Belur is the older capital 3 Hubli (Hubballi) - the fastest-growing city in Karnataka after Bangalore 4 Kalaburagi (Gulbarga) - centre for the northern division of the state, with the historical Gulbarga",The fastest-growing city in Karnataka after Bangalore is Hubli (Hubballi).
gpt-4o,4,"What are the entry fees for Indian and foreign tourists visiting Mysore Palace, and are children charged?",Karnataka,770e1a00,"Mysore Palace at night  
![8_image_0.png](8_image_0.png)","The CONTEXT provided does not include specific information regarding the entry fees for Indian and foreign tourists visiting Mysore Palace, nor does it mention charges for children. To obtain this information, you may need to consult the official Mysore Palace website or contact their administration directly for the latest entry fee details."
gpt-4o,5,What are the primary transportation options available to get around Karnataka?,Karnataka,07ac0187,"Gokarna, Udupi and Shringeri are well-known centres for the study of Sanskrit and Hindu philosophy.","To get around Karnataka, the primary transportation options include:

1. **Bus Services:** 
   - **KSRTC (Karnataka State Road Transport Corporation):** Provides extensive intrastate and interstate bus services connecting Karnataka with neighboring states like Tamil Nadu, Kerala, Andhra Pradesh, Telangana, Maharashtra, Goa, and Pondicherry. KSRTC also offers trip planning, hotel booking, and ticketing services through their website and smartphone apps.
   - **NWKRTC and NEKRTC:** These services cater specifically to the northern part of Karnataka and some adjoining states, ensuring comprehensive connectivity within the region.

2. **Roadways:**
   - The major cities in Karnataka are well connected by a mix of national and state highways, facilitating car travel. Tolled roads are common on newer highways and some city areas, such as the Bangalore Elevated Tollway on the outskirts of Bangalore.

These options provide robust connectivity for travel throughout Karnataka, making it accessible for both local commuting and exploration of its diverse attractions."
gpt-4o,6,When is the best time to plan a trip to Andhra Pradesh to enjoy the weather and festivals?,Andhra_Pradesh,dceae12c,"- known as the cultural capital of Andhra Pradesh, noted for its versatile Vedic culture and intellectualism 1 2 3 4 5 6 Tirupati - known as spiritual capital of Andhra Pradesh; has a sacred temple on the Tirumala Hills Vijayawada - known as commercial capital of Andhra Pradesh; its second largest city Visakhapatnam (Vizag) —","The best time to plan a trip to Andhra Pradesh is from November to February. During this period, the weather is relatively cooler compared to the hot and humid climate experienced in other months. This timing provides an ideal environment for enjoying the diverse tourist attractions in Andhra Pradesh, including its beaches, hills, wildlife, and temples. Additionally, this period might coincide with various local festivals, offering a glimpse into the rich Dravidian culture of the state."
gpt-4o,7,Are there guided tours or expert guides available for jungle trekking in Dandeli?,Karnataka,e86f4081,"Dandeli is popular for trekking, river rafting and wildlife discovery","The CONTEXT provided does not explicitly mention the availability of guided tours or expert guides specifically for jungle trekking in Dandeli. However, Dandeli is noted for its trekking opportunities, and travel agents in Karnataka offer private package tours for various destinations, which may include guided jungle trekking experiences. It would be advisable to contact local travel agents in Karnataka or look for specific tour operators specializing in Dandeli adventures to confirm the availability of guided trekking tours."
gpt-4o,8,Is honey used as a sweetener in any traditional beverages in Andhra Pradesh?,Andhra_Pradesh,309d4546,"lime juice with ginger or honey fresh fruit juices like sapota, orange (green they call mosambi in Hindi exclusively), grape, pineapple","Yes, honey is used as a sweetener in traditional beverages in Andhra Pradesh, specifically in lime juice which is often combined with ginger."
gpt-4o,9,"What currency is used in Karnataka, and how can travelers exchange money upon arrival?",Karnataka,39a5628d,"Andhra Pradesh Goa Kerala Lakshadweep Islands Maharashtra Tamil Nadu Telangana Retrieved from ""https://en.wikivoyage.org/w/index.php?title=Karnataka&oldid=5089685""","The currency used in Karnataka, as well as the rest of India, is the Indian Rupee (INR). Travelers can exchange money upon arrival at various locations such as airports, banks, and authorized currency exchange counters. Additionally, ATMs are widely available throughout Karnataka where travelers can withdraw local currency using international credit or debit cards."
gpt-4o,10,"What types of breakfast foods can I expect to find in Karnataka, especially involving vada and idli?",Karnataka,81919206,"into the batter during frying. This is thick, unlike Dosas which are crisp. Vada - A fried savory doughnut. This is consumed along with idli and known as idlivada.Vada are very popular item at breakfast time since it is light yet wholesome. Vadas are available on Indian Railways and most transport hubs all day. Although deep fried in boiling oil, this is not oily when fried correctly. Served with steaming hot sambar and chutney.","In Karnataka, you can expect to find a variety of breakfast foods, with vada and idli being popular options. Idli is a type of steamed rice cake, often enjoyed for its simplicity and ability to pair well with chutneys and sambar. Vada is a savory doughnut-shaped fritter made from lentils, typically urad dal, which is crispy on the outside and soft inside. These are often part of a traditional breakfast spread in Karnataka, along with other items like dosa, upma, and poha. Many places offer a South Indian buffet breakfast, providing a chance to sample these local delicacies."
gpt-4o,11,"Is Karnataka a safe place for solo female travelers, and are there any precautions to take?",Karnataka,1a6999f1,"(Japanese, South Korean, etc.) and the specialties of various Indian Breakfasts like idli, vada, dosa, upma, poha, parantha with Mosaru (curd) including *Today's Special*. One can try the local breakfasts to get a hang of the varied tastes of India.","Karnataka is generally considered a safe place for solo female travelers, largely due to the friendly nature of the people in the region. However, like any travel destination, it is important to stay vigilant regarding common crimes such as theft and purse-snatching. Here are some precautions to consider for enhanced safety:

- Be cautious with your valuables, especially in crowded or isolated areas.
- For late-night travel, it is advisable to be in a group for better safety and protection.
- Avoid venturing into the sea at certain beaches mentioned due to safety risks.
- If planning to trek in reserved forests, ensure that you get the necessary permissions from the Karnataka forest department.

Karnataka offers a variety of accommodations, from international hotel chains to local home stays, catering to different budget ranges and preferences, ensuring that you can choose a secure and comfortable place to stay. By taking these precautions, solo female travelers can enjoy the beautiful landscapes and cultural experiences that Karnataka has to offer."
gpt-4o,12,Are there any waterfalls in Karnataka that are associated with historical or religious significance?,Karnataka,5edc52cd,"Waterfalls are one of the major tourist attractions in Karnataka, many of which are primarily located in Malenadu, Cauvery Basin and Karavali regions. The best time to visit these waterfalls would be during the monsoon months of June, July, August or post-rainy seasons between September to October months. Jog Falls near Sagara in Shimoga district is one of the highest waterfalls in India and Abbey Falls, Achakanya Falls, Balmuri Falls, Chunchanakatte Falls, Gokak Falls are some of the other","Yes, there are waterfalls in Karnataka that are associated with historical or religious significance. For instance, Jog Falls, near Sagara in Shimoga district, is not only one of the highest waterfalls in India but also located in a region with a rich cultural and historical backdrop. Many waterfalls in Karnataka are found in regions influenced by religious and historical sites, enhancing their significance beyond their natural beauty. Moreover, Chunchanakatte Falls has a notable connection to local folklore and religious significance, as it is closely linked with tales from the epic Ramayana. These aspects contribute to the rich tapestry of experiences available to visitors interested in the convergence of natural beauty and cultural history."
gpt-4o,13,Can I reach Hyderabad directly by train from Kalaburagi and Hubli?,Karnataka,15dd51d5,"Capital cities across the country. Hubli falls on the junction of the Konkan Railway and Vijayawada Vasco line and is connected to Kolkata, Mumbai Bangalore, New Delhi, Ahmedabad and Hyderabad. Mangalore falls at the junction of Southern Railway and Konkan Railway and is well connected to major northern states of Maharashtra, Gujarat, Rajasthan, Delhi, as well as to Kerala and Tamil Nadu. Kalaburagi falls on the Mumbai- Chennai & Hyderabad Main line and is connected to Mumbai, New Delhi,","Yes, you can reach Hyderabad directly by train from both Kalaburagi and Hubli. Kalaburagi falls on the Mumbai-Chennai & Hyderabad Main line, ensuring direct connectivity to Hyderabad. Similarly, Hubli is connected to Hyderabad via the railway network."
gpt-4o,14,What are the main regions of Karnataka and what unique features does each offer for travelers?,Karnataka,df2f68d2,"Bangalore The state capital as well as the information technology capital of India. Cauvery Basin Southern Karnataka, including Mysore. Rolling hills, large sunflower fields and Tibetan culture. Southeastern Karnataka Central Karnataka Karavali Karnataka's coastal region. A Relatively unexplored region, full of empty beaches and lush green rainforest. Northern Karnataka Home to the stunning religious and archeological site of Hampi. Full of other-worldly geology and nature. Northwestern","Karnataka is divided into several notable regions, each offering unique features for travelers:

1. **Bangalore**: As the state capital and the information technology hub of India, Bangalore is a vibrant city blending modernity with tradition. It offers a bustling urban environment with cultural events, shopping districts, and nightlife.

2. **Cauvery Basin (Southern Karnataka)**: This area, including Mysore, is known for its rolling hills and large sunflower fields. It's also a cultural hotspot with a blend of local traditions and Tibetan culture. Mysore, in particular, is famous for its palaces and Dasara festival.

3. **Southeastern Karnataka**: This region's specifics are not deeply detailed in the context but it lies centrally in the state, offering a mix of cultural and historical sites.

4. **Karavali (Coastal Karnataka)**: Known for its beautiful yet relatively unexplored beaches, this coastal region is filled with lush green rainforests and offers a serene getaway for those looking to escape the crowds.

5. **Northern Karnataka**: Home to the stunning religious and archaeological site of Hampi, this region is characterized by its other-worldly geology and natural landscapes. Hampi is a UNESCO World Heritage Site, known for its ancient ruins and temples.

Each of these regions reflects the diverse combination of natural beauty, historical significance, and cultural richness Karnataka has to offer, appealing to a wide range of travelers seeking different experiences."
gpt-4o,15,"Are there local options for hiring taxis or auto-rickshaws in Karnataka cities, and how do payment systems typically work?",Karnataka,66265fdc,"KSRTC, mentioned in ""Get in"", also plies intrastate buses connecting most of Karnataka. NWKRTC (ht tps://nwkrtc.karnataka.gov.in/english) and NEKRTC **(http://nekrtc.org/index.html)** buses serve the northern part of Karnataka state and to some places of adjoing states. Services available:","The provided context does not directly specify the availability of local taxis or auto-rickshaws in Karnataka's cities or details about their payment systems. However, it can be generally assumed, based on typical practices in Indian cities, that local options for hiring taxis and auto-rickshaws are likely available in Karnataka cities. Payment systems for such services often include cash payments, and increasingly, digital payment methods like mobile wallets and UPI (Unified Payments Interface) are being adopted. For precise information, it would be beneficial to consult local sources or travel forums specific to the city you are visiting in Karnataka."
gpt-4o-mini,1,What are the main options for booking long-distance bus tickets in Andhra Pradesh?,Andhra_Pradesh,6971dd73,"are buses and railway systems. You can find information on long-distance government buses on APSRTC (https://www.apsrtcon line.in/), while some private travel agents are Redbus (https://m.redbus.in), Abhibus (https://www.abhibu s.com), and Makemytrip (https://www.makemytrip.com).","In Andhra Pradesh, the main options for booking long-distance bus tickets include:

1. **APSRTC** (Andhra Pradesh State Road Transport Corporation) - This is the state-run bus service, and you can find information and book tickets through their website.
2. **Private Operators** - There are various private bus operators that provide interstate services, allowing travelers to connect from neighboring states to Andhra Pradesh.
3. **Other State Transport Corporations** - You can also explore buses operated by MSRTC (Maharashtra), TSRTC (Telangana), and KSRTC (Karnataka) for routes leading into Andhra Pradesh.

For an effective travel experience, it's advisable to check online for availability and schedules, especially during peak travel seasons or holidays."
gpt-4o-mini,2,What local language should I know basic phrases in when traveling across Karnataka?,Karnataka,cd773775,"A state in Southern India, **Karnataka** (Kannada: **ಕರ್ನಾ** ಟಕ Karnāṭaka) stretches from Belgaum in the north to Mangalore in the south. It has a coastal region with numerous coconut trees and beautiful beaches and an interior with mountains, valleys and farmlands. It has the largest population of tigers in the world.","When traveling across Karnataka, it is essential to know basic phrases in **Kannada**, as it is the official language and spoken by most of the state's inhabitants. While English is also widely understood, especially in urban areas, knowing some Kannada can enhance your interactions with locals. Since Kannada has various dialects that can differ by region, familiarity with the language will help in communication across the state's diverse areas."
gpt-4o-mini,3,Which city is currently the fastest-growing in Karnataka after Bangalore?,Karnataka,c75cb1f7,"Bangalore (Bengaluru) - the state capital as well as the information technology capital of India 1 Belgaum (Belagavi) - the commercial hub in North Karnataka and the second biggest overall export powerhouse in Karnataka after Bangalore 2 Belur - the former capital of the Hoysalla dynasty; Hale Belur is the older capital 3 Hubli (Hubballi) - the fastest-growing city in Karnataka after Bangalore 4 Kalaburagi (Gulbarga) - centre for the northern division of the state, with the historical Gulbarga",The fastest-growing city in Karnataka after Bangalore is Hubli (Hubballi).
gpt-4o-mini,4,"What are the entry fees for Indian and foreign tourists visiting Mysore Palace, and are children charged?",Karnataka,770e1a00,"Mysore Palace at night  
![8_image_0.png](8_image_0.png)","The provided context does not specify the entry fees for Indian and foreign tourists visiting Mysore Palace, nor does it mention whether children are charged for entry. For accurate and current information regarding entry fees, it is advisable to check with official sources or the Mysore Palace's official website prior to your visit."
gpt-4o-mini,5,What are the primary transportation options available to get around Karnataka?,Karnataka,07ac0187,"Gokarna, Udupi and Shringeri are well-known centres for the study of Sanskrit and Hindu philosophy.","In Karnataka, the primary transportation options for getting around the state include:

1. **Buses**: The Karnataka State Road Transport Corporation (KSRTC) operates intrastate buses that connect almost all parts of Karnataka, and they also serve neighboring states like Tamil Nadu, Kerala, Andhra Pradesh, Telangana, Maharashtra, Goa, and the Union Territory of Pondicherry. For specific regions in northern Karnataka, NWKRTC and NEKRTC buses are available.

2. **Roads**: Karnataka has a well-developed network of national and state highways that facilitate travel between major cities. Some newer highways are tolled, especially areas around Bangalore, like the Bangalore Elevated Tollway.

3. **Smartphone Apps**: KSRTC provides mobile applications for Android and iOS, as well as trip planning and ticketing services through their website. This can be very useful for travelers to conveniently book their journeys.

4. **Reservation Counters**: KSRTC has reservation counters at bus terminals and various travel agents, making it easy to secure tickets in person.

These transportation options make it manageable to explore the diverse landscapes and attractions across Karnataka."
gpt-4o-mini,6,When is the best time to plan a trip to Andhra Pradesh to enjoy the weather and festivals?,Andhra_Pradesh,dceae12c,"- known as the cultural capital of Andhra Pradesh, noted for its versatile Vedic culture and intellectualism 1 2 3 4 5 6 Tirupati - known as spiritual capital of Andhra Pradesh; has a sacred temple on the Tirumala Hills Vijayawada - known as commercial capital of Andhra Pradesh; its second largest city Visakhapatnam (Vizag) —","The best time to plan a trip to Andhra Pradesh to enjoy the weather and festivals is from November to February. During this period, the weather is relatively cooler, making it more comfortable for exploration. Additionally, this time frame is likely to coincide with various cultural celebrations and festivals, enhancing your travel experience.

Andhra Pradesh offers a rich array of attractions, including beautiful beaches, hills, wildlife, forests, and significant temples that reflect its historical and cultural depth. Be sure to also enjoy local cuisine, which is a vital part of the state's Dravidian culture."
gpt-4o-mini,7,Are there guided tours or expert guides available for jungle trekking in Dandeli?,Karnataka,e86f4081,"Dandeli is popular for trekking, river rafting and wildlife discovery","Yes, there are guided tours and expert guides available for jungle trekking in Dandeli. Dandeli is a popular destination for trekking, wildlife discovery, and adventure sports, making it a great place to explore the natural beauty of Karnataka. You can find various travel agents that offer private package tours, which include trekking experiences in the area."
gpt-4o-mini,8,Is honey used as a sweetener in any traditional beverages in Andhra Pradesh?,Andhra_Pradesh,309d4546,"lime juice with ginger or honey fresh fruit juices like sapota, orange (green they call mosambi in Hindi exclusively), grape, pineapple","Yes, honey is used as a sweetener in traditional beverages in Andhra Pradesh. It can be found in drinks like lime juice with ginger or honey, as well as in fresh fruit juices such as sapota and orange. This reflects the local preference for naturally sweetened drinks, enhancing the flavor of refreshing beverages."
gpt-4o-mini,9,"What currency is used in Karnataka, and how can travelers exchange money upon arrival?",Karnataka,39a5628d,"Andhra Pradesh Goa Kerala Lakshadweep Islands Maharashtra Tamil Nadu Telangana Retrieved from ""https://en.wikivoyage.org/w/index.php?title=Karnataka&oldid=5089685""","The currency used in Karnataka is the Indian Rupee (INR). Travelers can exchange money upon arrival at various locations, including banks, currency exchange services, and airports, where designated counters usually facilitate foreign exchange transactions. It's advisable to check current exchange rates and possibly carry some cash for small purchases, as not all places may accept cards."
gpt-4o-mini,10,"What types of breakfast foods can I expect to find in Karnataka, especially involving vada and idli?",Karnataka,81919206,"into the batter during frying. This is thick, unlike Dosas which are crisp. Vada - A fried savory doughnut. This is consumed along with idli and known as idlivada.Vada are very popular item at breakfast time since it is light yet wholesome. Vadas are available on Indian Railways and most transport hubs all day. Although deep fried in boiling oil, this is not oily when fried correctly. Served with steaming hot sambar and chutney.","In Karnataka, you can expect a diverse range of breakfast foods, particularly featuring popular items like idli and vada. Here are some highlights:

1. **Idli**: Steamed rice cakes that are soft and fluffy, often served with chutney and sambar (a lentil-based vegetable stew). Idlis are a staple breakfast item in many South Indian households.

2. **Vada**: A deep-fried lentil doughnut, which is crispy on the outside and soft on the inside. Vadas are commonly enjoyed with coconut chutney and sambar, and they complement idli very well.

3. **Dosa**: A thin, crispy crepe made from fermented rice and lentil batter, often served with chutneys and sambar.

4. **Upma**: A savory dish made from semolina, often cooked with vegetables and spices, adding a hearty option to the breakfast spread.

5. **Specialties**: Various places might offer *Today's Special*, which can include regional dishes that showcase local flavors. Some hotels, particularly in district headquarters like Mangaluru and Udupi, may serve a South Indian buffet that features these breakfast items.

Overall, Karnataka's breakfast offerings highlight its rich culinary traditions, with a strong emphasis on vegetarian dishes. Make sure to try the local specialties and enjoy the vibrant flavors during your visit!"
gpt-4o-mini,11,"Is Karnataka a safe place for solo female travelers, and are there any precautions to take?",Karnataka,1a6999f1,"(Japanese, South Korean, etc.) and the specialties of various Indian Breakfasts like idli, vada, dosa, upma, poha, parantha with Mosaru (curd) including *Today's Special*. One can try the local breakfasts to get a hang of the varied tastes of India.","Karnataka can be a safe place for solo female travelers, as the locals are generally friendly and helpful. However, it is important to take some precautions. Here are a few tips:

1. **Stay Aware of Your Surroundings**: While enjoying the attractions, keep an eye on your belongings to avoid common crimes like theft and purse-snatching.

2. **Travel in Groups When Possible**: If you venture out late at night, it’s safer to travel in a group for better safety and protection.

3. **Avoid Certain Beach Areas**: Be cautious when visiting beaches such as Surathkal, Taneerubhavi, Panamburu, Malpe, and Ullala, as it is advisable not to venture into the sea at these locations.

4. **Get Permissions for Trekking**: If you plan to hike in reserved forests, make sure to get the necessary permissions from the Karnataka forest department (Forest Range Officers).

5. **Accommodation**: Karnataka offers a wide variety of accommodations, including hotels ranging from budget to luxury, and home stays that provide a chance to experience local life. Choose a reputable place to stay, preferably in well-populated areas.

By taking these precautions and being aware of your surroundings, you can enjoy the beautiful landscapes and rich culture of Karnataka safely."
gpt-4o-mini,12,Are there any waterfalls in Karnataka that are associated with historical or religious significance?,Karnataka,5edc52cd,"Waterfalls are one of the major tourist attractions in Karnataka, many of which are primarily located in Malenadu, Cauvery Basin and Karavali regions. The best time to visit these waterfalls would be during the monsoon months of June, July, August or post-rainy seasons between September to October months. Jog Falls near Sagara in Shimoga district is one of the highest waterfalls in India and Abbey Falls, Achakanya Falls, Balmuri Falls, Chunchanakatte Falls, Gokak Falls are some of the other","Yes, Karnataka is home to several waterfalls that hold historical and religious significance. Among them, the **Jog Falls** is one of the most notable due to its towering height and scenic beauty, making it a major tourist attraction. While not directly tied to religious events, their grandeur and location in a picturesque region enhance their significance.

Another notable area with religious importance is **Kudalasangama**, which is a pilgrimage center at the confluence of the Krishna and Malaprabha rivers. Although not a waterfall itself, it is surrounded by natural beauty, including the nearby waterfalls formed by the rivers in the region. Additionally, **Gokak Falls** is associated with local traditions and is situated near religious sites, adding to its cultural significance.

**Best Times to Visit:** The ideal period to explore these waterfalls is during the monsoon months of June, July, and August, or post-monsoon from September to October when the falls are at their fullest.

**Travel Tips:** Ensure to check local conditions during the monsoon, as some areas may become difficult to access. Additionally, enjoy local cuisine at nearby towns to enhance your cultural experience."
gpt-4o-mini,13,Can I reach Hyderabad directly by train from Kalaburagi and Hubli?,Karnataka,15dd51d5,"Capital cities across the country. Hubli falls on the junction of the Konkan Railway and Vijayawada Vasco line and is connected to Kolkata, Mumbai Bangalore, New Delhi, Ahmedabad and Hyderabad. Mangalore falls at the junction of Southern Railway and Konkan Railway and is well connected to major northern states of Maharashtra, Gujarat, Rajasthan, Delhi, as well as to Kerala and Tamil Nadu. Kalaburagi falls on the Mumbai- Chennai & Hyderabad Main line and is connected to Mumbai, New Delhi,","Yes, you can reach Hyderabad directly by train from both Kalaburagi and Hubli. Kalaburagi is on the Mumbai-Chennai and Hyderabad Main line, which means it is connected to Hyderabad through long-distance trains. Similarly, Hubli is well-connected to Hyderabad as part of the major junctions in Karnataka. You should check the train schedules for specific service times, and it's always a good idea to book your tickets in advance for a smoother journey."
gpt-4o-mini,14,What are the main regions of Karnataka and what unique features does each offer for travelers?,Karnataka,df2f68d2,"Bangalore The state capital as well as the information technology capital of India. Cauvery Basin Southern Karnataka, including Mysore. Rolling hills, large sunflower fields and Tibetan culture. Southeastern Karnataka Central Karnataka Karavali Karnataka's coastal region. A Relatively unexplored region, full of empty beaches and lush green rainforest. Northern Karnataka Home to the stunning religious and archeological site of Hampi. Full of other-worldly geology and nature. Northwestern","Karnataka is divided into several main regions, each offering unique features for travelers:

1. **Bangalore (Bengaluru)**: As the state capital and India's information technology hub, Bangalore is known for its vibrant culture, modern amenities, gardens, and historic sites. Travelers can explore the numerous parks and bustling markets as well as the local cuisine, which includes famous dishes like dosas and idlis.

2. **Cauvery Basin (Southern Karnataka)**: This region, including Mysore, boasts rolling hills, large sunflower fields, and significant Tibetan cultural influences. Mysore is renowned for its royal heritage, including the stunning Mysore Palace, and the grand Dasara festival, making it a culturally rich destination.

3. **Central Karnataka**: This area features a mix of historical sites and natural beauty. It's home to ancient temples, archaeological sites, and is known for local festivals and traditions, providing a deep dive into Karnataka's rich history.

4. **Karavali (Coastal Karnataka)**: This coastal region offers relatively unexplored beaches and lush rainforests. Travelers can enjoy the serene beaches, water sports, and the coastal cuisine, which is rich in seafood and local spices.

5. **Northern Karnataka**: Known for its stunning archaeological site of Hampi, a UNESCO World Heritage Site, this region is characterized by its dramatic geology and ancient ruins. Hampi's boulder-strewn landscapes and historic temples provide a unique cultural and historical experience.

Each region has its best times to visit, generally during the cooler months from October to March, and offers varied transportation options, including road and rail connectivity, making it accessible for travelers eager to explore Karnataka's diverse landscapes and rich heritage."
gpt-4o-mini,15,"Are there local options for hiring taxis or auto-rickshaws in Karnataka cities, and how do payment systems typically work?",Karnataka,66265fdc,"KSRTC, mentioned in ""Get in"", also plies intrastate buses connecting most of Karnataka. NWKRTC (ht tps://nwkrtc.karnataka.gov.in/english) and NEKRTC **(http://nekrtc.org/index.html)** buses serve the northern part of Karnataka state and to some places of adjoing states. Services available:","The context does not explicitly mention options for hiring taxis or auto-rickshaws in Karnataka cities. Therefore, while it is common in Indian cities to find local taxi services and auto-rickshaws readily available, specific details about these services, including the payment systems they might use (such as cash or app-based payments), are not provided in the context. For accurate and up-to-date information, it might be best to check local resources or travel apps upon your arrival in Karnataka."
